<?xml version="1.0" encoding="UTF-8"?>
<configuration scan="true" scanPeriod="300 seconds">

    <!--<include resource="org/springframework/boot/logging/logback/base.xml"/>-->
    <include resource="org/springframework/boot/logging/logback/defaults.xml"/>

    <property name="CONSOLE_LOG_PATTERN" value="%d{HH:mm:ss.SSS} [%8.8thread] %highlight(%-5.5level)| %class{60}.%M:%L %msg%n"/>
    <springProfile name="!prod">
        <include resource="org/springframework/boot/logging/logback/console-appender.xml"/>
        <root level="WARN">
            <appender-ref ref="CONSOLE"/>
        </root>
    </springProfile>

    <springProfile name="prod">
        <appender name="FILE" class="ch.qos.logback.core.rolling.RollingFileAppender">
            <file>logs/jirarush.log</file>
            <encoder>
                <pattern>%d{MM-dd HH:mm:ss.SSS} [%8.8thread] %-5.5level| %class{60}.%M:%L %msg%n</pattern>
            </encoder>
            <rollingPolicy class="ch.qos.logback.core.rolling.TimeBasedRollingPolicy">
                <fileNamePattern>logs/jirarush.%d{yyyy-MM-dd}.log</fileNamePattern>
                <maxHistory>30</maxHistory>
            </rollingPolicy>
        </appender>
        <root level="WARN">
            <appender-ref ref="FILE"/>
        </root>
    </springProfile>
</configuration>